,loss,accuracy
0,1.5011106729507446,0.8651999831199646
