,loss,accuracy
0,0.9971140027046204,0.8391199707984924
