,loss,accuracy
0,0.461345911026001,0.8697199821472168
