,loss,accuracy
0,1.24429190158844,0.8456000089645386
