,loss,accuracy
0,0.4360317289829254,0.8737999796867371
