,loss,accuracy
0,1.153496503829956,0.8633999824523926
