,loss,accuracy
0,1.0336289405822754,0.8510400056838989
