,loss,accuracy
0,0.9375965595245361,0.8598399758338928
