,loss,accuracy
0,0.4665064811706543,0.8694800138473511
