,loss,accuracy
0,0.43577656149864197,0.8740000128746033
