,loss,accuracy
0,0.4411461055278778,0.8733199834823608
