,loss,accuracy
0,0.4322493374347687,0.8762400150299072
