,loss,accuracy
0,0.4384794235229492,0.8763200044631958
