,loss,accuracy
0,0.432084858417511,0.8754400014877319
