,loss,accuracy
0,0.4480413794517517,0.8477200269699097
