,loss,accuracy
0,0.43272534012794495,0.872759997844696
