,loss,accuracy
0,0.45358285307884216,0.872759997844696
