,loss,accuracy
0,0.4435550272464752,0.8785200119018555
