,loss,accuracy
0,1.4205982685089111,0.866599977016449
