,loss,accuracy
0,0.7781301736831665,0.8475599884986877
