,loss,accuracy
0,0.4465833902359009,0.8707600235939026
