,loss,accuracy
0,1.2984960079193115,0.8430799841880798
