,loss,accuracy
0,1.0361707210540771,0.8373200297355652
