,loss,accuracy
0,0.32483696937561035,0.8688799738883972
