,loss,accuracy
0,0.4452557861804962,0.8762000203132629
