,loss,accuracy
0,1.0311392545700073,0.8641200065612793
