,loss,accuracy
0,0.6203773617744446,0.8522800207138062
