,loss,accuracy
0,0.9932928681373596,0.8636800050735474
