,loss,accuracy
0,1.5141119956970215,0.8439599871635437
