,loss,accuracy
0,1.5860928297042847,0.8515999913215637
