,loss,accuracy
0,0.4435482323169708,0.8765199780464172
