,loss,accuracy
0,0.43423739075660706,0.8754799962043762
