,loss,accuracy
0,0.6029127240180969,0.8460000157356262
