,loss,accuracy
0,1.340810775756836,0.8440399765968323
