,loss,accuracy
0,0.43756553530693054,0.8722800016403198
