,loss,accuracy
0,1.3572829961776733,0.8529199957847595
