,loss,accuracy
0,1.2583404779434204,0.8515999913215637
