,loss,accuracy
0,1.5205895900726318,0.8674799799919128
