,loss,accuracy
0,1.4477336406707764,0.8495200276374817
