,loss,accuracy
0,1.209157943725586,0.8535599708557129
