,loss,accuracy
0,0.4404752850532532,0.8770800232887268
